title,time,M,SD
andersen06val_workid54457_0,1829.0,7.63170436584,0.0981307397899
andersen06val_workid54457_1,1829.25,7.63595454029,0.0948567520521
andersen06val_workid54457_2,1829.5,7.60734668183,0.141275744565
hcaeventyr01val_workid81537_0,1830.0,7.64703265754,0.212835549767
hcaeventyr01val_workid81537_1,1830.25,7.51268514821,0.0324304685543
hcaeventyr01val_workid81537_2,1830.5,7.60064741256,0.0641665869599
hcaeventyr01val_workid81537_3,1830.75,7.59114155626,0.0699814558076
hcaeventyr05val_workid92026_0,1831.0,6.73660946875,0.0
hcaeventyr05val_workid92026_1,1831.25,6.93791956894,0.0
hcaeventyr05val_workid92026_2,1831.5,6.68451100396,0.0
andersen01val_workid54103_0,1831.0,7.60904028943,0.135451469177
andersen01val_workid54103_1,1831.25,7.628012192,0.108027744674
andersen01val_workid54103_2,1831.5,7.67268091459,0.0960797693373
andersen05val_workid54101_0,1835.0,7.6236907776,0.146399924181
andersen05val_workid54101_1,1835.25,7.58669885727,0.123517696364
andersen05val_workid54101_2,1835.5,7.68219589736,0.12056546652
andersen05val_workid54101_3,1835.75,7.83652817311,0.216272928625
hcaeventyr01val_workid61317_0,1835.0,7.4350627569,0.0
hcaeventyr01val_workid61317_1,1835.25,7.21147747246,0.0
hcaeventyr01val_workid61317_2,1835.5,7.29812332432,0.0
hcaeventyr01val_workid61317_3,1835.75,7.06198681851,0.0
andersen03val_workid54101_0,1835.0,7.57629543223,0.115996148971
andersen03val_workid54101_1,1835.25,7.58703768109,0.119269700766
andersen03val_workid54101_2,1835.5,7.52037932201,0.148870998298
andersen03val_workid54101_3,1835.75,7.65984058225,0.247750167286
andersenhc08val_workid54101_0,1835.0,7.33281466823,0.176850628351
andersenhc08val_workid54101_1,1835.25,7.48986487415,0.106430808784
andersenhc08val_workid54101_2,1835.5,7.56385498328,0.103044318673
andersenhc08val_workid54101_3,1835.75,7.89002387154,0.209601153074
hcaeventyr01val_workid61051_0,1835.0,5.72760150445,0.0
hcaeventyr01val_workid61051_1,1835.25,5.88103641862,0.0
hcaeventyr01val_workid61051_2,1835.5,6.17563980004,0.0
hcaeventyr01val_workid61051_3,1835.75,5.97859823604,0.0
andersenhc_09_workid54101_0,1835.0,7.66096730535,0.106915577856
andersenhc_09_workid54101_1,1835.25,7.70239042211,0.103811275507
andersenhc_09_workid54101_2,1835.5,7.69753163594,0.0991071815146
andersenhc_09_workid54101_3,1835.75,7.85444804461,0.272120198143
hcaeventyr01val_workid62461_0,1835.0,7.33686020018,0.196763490759
hcaeventyr01val_workid62461_1,1835.25,7.39123763321,0.135182924738
hcaeventyr01val_workid62461_2,1835.5,7.35936461351,0.131997181914
hcaeventyr01val_workid62461_3,1835.75,7.42999996493,0.0960929126268
hcaeventyr01val_workid62544_0,1835.0,7.33297666039,0.162806358341
hcaeventyr01val_workid62544_1,1835.25,7.27384658541,0.158216448759
hcaeventyr01val_workid62544_2,1835.5,7.3260931922,0.0208963212145
hcaeventyr01val_workid62544_3,1835.75,7.36849743859,0.0287465080255
hcaeventyr01val_workid59091_0,1835.0,7.24945472619,0.0606841208742
hcaeventyr01val_workid59091_1,1835.25,7.1364205859,0.0099462927245
hcaeventyr01val_workid59091_2,1835.5,7.20053367043,0.041058558591
hcaeventyr01val_workid59091_3,1835.75,7.02124156214,0.0504845434595
andersen04val_workid54102_0,1836.0,7.64270156948,0.122059502747
andersen04val_workid54102_1,1836.25,7.60724398161,0.137536209585
andersen04val_workid54102_2,1836.5,7.60581482189,0.145867720166
hcaeventyr05val_workid92332_0,1836.0,7.47117364342,0.0
hcaeventyr05val_workid92332_1,1836.25,7.22749348476,0.0
hcaeventyr05val_workid92332_2,1836.5,7.43735144336,0.0
hcaeventyr05val_workid92332_3,1836.75,7.39951928135,0.0
hcaeventyr01val_workid70012_0,1837.0,7.53796846444,0.0
hcaeventyr01val_workid70012_1,1837.25,7.1288196207,0.0
hcaeventyr01val_workid70012_2,1837.5,7.25857915104,0.0
hcaeventyr01val_workid67529_0,1837.0,7.49748788772,0.208560939274
hcaeventyr01val_workid67529_1,1837.25,7.49822753622,0.118345450775
hcaeventyr01val_workid67529_2,1837.5,7.5019659634,0.0745813337996
hcaeventyr01val_workid67529_3,1837.75,7.39996932149,0.195535000396
hcaeventyr01val_workid67635_0,1837.0,7.48252979561,0.203895997867
hcaeventyr01val_workid67635_1,1837.25,7.43858799745,0.102559279718
hcaeventyr01val_workid67635_2,1837.5,7.54377111876,0.116255362502
hcaeventyr02val_workid83040_0,1838.0,7.53295169777,0.120333850107
hcaeventyr02val_workid83040_1,1838.25,7.50066532602,0.108725633375
hcaeventyr02val_workid83040_2,1838.5,7.47251055193,0.0630733240911
hcaeventyr02val_workid83040_3,1838.75,7.60166397427,0.14521882997
hcaeventyr01val_workid71035_0,1838.0,7.42002332996,0.128310037957
hcaeventyr01val_workid71035_1,1838.25,7.36332206356,0.136416044609
hcaeventyr01val_workid71035_2,1838.5,7.53012941066,0.0310247032056
hcaeventyr01val_workid71646_0,1838.0,7.2810274829,0.0
hcaeventyr01val_workid71646_1,1838.25,7.16662264578,0.0
hcaeventyr01val_workid71646_2,1838.5,7.23113862913,0.0
hcaeventyr01val_workid71646_3,1838.75,6.8825847309,0.0
hcaeventyr01val_workid72161_0,1838.0,7.42043813381,0.191451187154
hcaeventyr01val_workid72161_1,1838.25,7.56871897383,0.0399620420393
hcaeventyr01val_workid72161_2,1838.5,7.54396010993,0.0522454230974
hcaeventyr01val_workid72161_3,1838.75,7.41040177335,0.0124810242712
hcaeventyr01val_workid71131_0,1838.0,7.23539687261,0.0
hcaeventyr01val_workid71131_1,1838.25,6.96861895207,0.0
hcaeventyr01val_workid71131_2,1838.5,7.07380645054,0.0
hcaeventyr01val_workid83529_0,1838.0,7.54763133458,0.159002703741
hcaeventyr01val_workid83529_1,1838.25,7.52210073786,0.135515437821
hcaeventyr01val_workid83529_2,1838.5,7.43756118183,0.0709959380627
hcaeventyr01val_workid83529_3,1838.75,7.56119126541,0.157571700568
hcaeventyr01val_workid73944_0,1839.0,7.54458786564,0.0940005372216
hcaeventyr01val_workid73944_1,1839.25,7.45857413381,0.0724514404607
hcaeventyr01val_workid73944_2,1839.5,7.58211567894,0.134173508097
hcaeventyr01val_workid73944_3,1839.75,7.52234743311,0.0404890265595
hcaeventyr01val_workid73868_0,1839.0,7.52359880245,0.0701188112986
hcaeventyr01val_workid73868_1,1839.25,7.60938059197,0.0535533990148
hcaeventyr01val_workid73868_2,1839.5,7.42433657902,0.125407190564
hcaeventyr01val_workid73868_3,1839.75,7.40830962089,0.0874001886319
hcaeventyr01val_workid76647_0,1839.0,7.4881611686,0.0
hcaeventyr01val_workid76647_1,1839.25,7.32634959824,0.0
hcaeventyr01val_workid76647_2,1839.5,7.28197421753,0.0
hcaeventyr01val_workid76647_3,1839.75,7.22229621573,0.0
hcaeventyr01val_workid79553_0,1839.0,7.60182127394,0.0
hcaeventyr01val_workid79553_1,1839.25,7.28971709715,0.0
hcaeventyr01val_workid79553_2,1839.5,7.33155477389,0.0
hcaeventyr05val_workid58428_0,1840.0,7.04338582792,0.0
hcaeventyr05val_workid58428_1,1840.25,7.18743938519,0.0
hcaeventyr05val_workid58428_2,1840.5,7.00981775818,0.0
hcaeventyr05val_workid58428_3,1840.75,6.97046424385,0.0
hcaeventyr01val_workid80388_0,1841.0,7.32366945099,0.0
hcaeventyr01val_workid80388_1,1841.25,7.16302724474,0.0
hcaeventyr01val_workid80388_2,1841.5,7.08327311849,0.0
hcaeventyr01val_workid77637_0,1841.0,7.47776934568,0.0
hcaeventyr01val_workid77637_1,1841.25,7.44420203544,0.0
hcaeventyr01val_workid77637_2,1841.5,7.30995227106,0.0
hcaeventyr01val_workid77637_3,1841.75,7.31241549162,0.0
hcaeventyr01val_workid81228_0,1841.0,6.4332493878,0.0
hcaeventyr01val_workid81228_1,1841.25,6.66954130372,0.0
hcaeventyr01val_workid81228_2,1841.5,6.56957825396,0.0
hcaeventyr04val_workid60148_0,1842.0,8.03988807648,0.0
hcaeventyr04val_workid60148_1,1842.25,7.47211034309,0.0
hcaeventyr04val_workid60148_2,1842.5,7.53003582168,0.0
hcaeventyr04val_workid60148_3,1842.75,7.53764291069,0.0
hcaeventyr01val_workid77542_0,1842.0,7.38310800435,0.114337034232
hcaeventyr01val_workid77542_1,1842.25,7.5250262989,0.145735746933
hcaeventyr01val_workid77542_2,1842.5,7.54865549556,0.121784473272
hcaeventyr01val_workid77542_3,1842.75,7.5417794293,0.16332265138
hcaeventyr04val_workid61614_0,1842.0,6.44136362375,0.0
hcaeventyr04val_workid61614_1,1842.25,6.47671972607,0.0
hcaeventyr04val_workid61614_2,1842.5,5.97938697443,0.0
hcaeventyr04val_workid61614_3,1842.75,6.09610006916,0.0
hcaeventyr02val_workid58349_0,1843.0,7.40089991484,0.218945297614
hcaeventyr02val_workid58349_1,1843.25,7.27495222453,0.125912974236
hcaeventyr02val_workid58349_2,1843.5,7.31086589693,0.10260467688
hcaeventyr02val_workid58349_3,1843.75,7.35970203944,0.12383392514
hcaeventyr02val_workid60351_0,1843.0,6.64255346544,0.0
hcaeventyr02val_workid60351_1,1843.25,6.83817366229,0.0
hcaeventyr02val_workid60351_2,1843.5,6.4043665765,0.0
hcaeventyr02val_workid59026_0,1843.0,7.40999585371,0.0
hcaeventyr02val_workid59026_1,1843.25,7.16931121771,0.0
hcaeventyr02val_workid59026_2,1843.5,7.11408898684,0.0
hcaeventyr02val_workid59026_3,1843.75,7.29706652586,0.0
hcaeventyr02val_workid60936_0,1843.0,7.51910973761,0.0
hcaeventyr02val_workid60936_1,1843.25,7.20127107993,0.0
hcaeventyr02val_workid60936_2,1843.5,7.17700319499,0.0
hcaeventyr02val_workid60936_3,1843.75,7.21954445133,0.0
hcaeventyr02val_workid58565_0,1843.0,6.84286710127,0.0
hcaeventyr02val_workid58565_1,1843.25,6.98952420297,0.0
hcaeventyr02val_workid58565_2,1843.5,6.79282005522,0.0
hcaeventyr02val_workid58565_3,1843.75,6.75860313764,0.0
hcaeventyr02val_workid63421_0,1844.0,7.39230773422,0.0833529454994
hcaeventyr02val_workid63421_1,1844.25,7.38590959097,0.192831998906
hcaeventyr02val_workid63421_2,1844.5,7.36644834768,0.100667026247
hcaeventyr02val_workid63421_3,1844.75,7.32218674786,0.0599861773354
hcaeventyr02val_workid62298_0,1844.0,7.5636155124,0.0
hcaeventyr02val_workid62298_1,1844.25,7.49307258837,0.0
hcaeventyr02val_workid62298_2,1844.5,7.23198299642,0.0
hcaeventyr02val_workid62298_3,1844.75,7.35385732819,0.0
hcaeventyr02val_workid71526_0,1845.0,7.31509067059,0.0
hcaeventyr02val_workid71526_1,1845.25,6.91704288371,0.0
hcaeventyr02val_workid71526_2,1845.5,7.05402858114,0.0
hcaeventyr02val_workid71526_3,1845.75,7.13777698512,0.0
hcaeventyr02val_workid86500_0,1845.0,7.56033672831,0.0
hcaeventyr02val_workid86500_1,1845.25,7.46515352002,0.0
hcaeventyr02val_workid86500_2,1845.5,7.39828008177,0.0
hcaeventyr02val_workid86500_3,1845.75,7.61916434876,0.0
hcaeventyr02val_workid69455_0,1845.0,7.28378229285,0.0
hcaeventyr02val_workid69455_1,1845.25,7.06140929201,0.0
hcaeventyr02val_workid69455_2,1845.5,7.25012269335,0.0
hcaeventyr02val_workid69455_3,1845.75,7.05706545596,0.0
hcaeventyr04val_workid62002_0,1845.0,6.69868531221,0.0
hcaeventyr04val_workid62002_1,1845.25,6.55202593663,0.0
hcaeventyr04val_workid62002_2,1845.5,6.22912184957,0.0
hcaeventyr04val_workid62002_3,1845.75,6.68248647413,0.0
hcaeventyr02val_workid68507_0,1845.0,7.41401201447,0.206301846072
hcaeventyr02val_workid68507_1,1845.25,7.17504259501,0.148047340631
hcaeventyr02val_workid68507_2,1845.5,7.38971517983,0.0504662584135
hcaeventyr02val_workid68507_3,1845.75,7.24521652597,0.146991924031
hcaeventyr02val_workid68601_0,1845.0,7.5672205905,0.0
hcaeventyr02val_workid68601_1,1845.25,7.55783618565,0.0
hcaeventyr02val_workid68601_2,1845.5,7.17915562787,0.0
hcaeventyr02val_workid68601_3,1845.75,7.21564213135,0.0
hcaeventyr02val_workid79632_0,1845.0,6.91635682847,0.0
hcaeventyr02val_workid79632_1,1845.25,7.30461680318,0.0
hcaeventyr02val_workid79632_2,1845.5,6.84123755195,0.0
hcaeventyr02val_workid79632_3,1845.75,6.91669565506,0.0
hcaeventyr02val_workid89838_0,1846.0,5.9471402445,0.0
hcaeventyr02val_workid89838_1,1846.25,5.87829779937,0.0
hcaeventyr02val_workid89838_2,1846.5,6.15323790936,0.0
hcaeventyr02val_workid89838_3,1846.75,5.95972537667,0.0
hcaeventyr02val_workid100276_0,1846.0,6.45733352774,0.0
hcaeventyr02val_workid100276_1,1846.25,6.77864677426,0.0
hcaeventyr02val_workid100276_2,1846.5,6.45522469038,0.0
hcaeventyr02val_workid100276_3,1846.75,6.40681719085,0.0
hcaeventyr02val_workid72272_0,1847.0,7.29118475134,0.153067318114
hcaeventyr02val_workid72272_1,1847.25,7.2801373828,0.127101023385
hcaeventyr02val_workid72272_2,1847.5,7.29488509836,0.177789165784
hcaeventyr02val_workid72272_3,1847.75,7.13507372596,0.109732962765
hcaeventyr02val_workid72412_0,1847.0,7.16964023403,0.0
hcaeventyr02val_workid72412_1,1847.25,7.11744372615,0.0
hcaeventyr02val_workid72412_2,1847.5,7.39092590183,0.0
hcaeventyr02val_workid72412_3,1847.75,7.18772818683,0.0
hcaeventyr02val_workid80639_0,1847.0,7.48900616642,0.0
hcaeventyr02val_workid80639_1,1847.25,7.27626625331,0.0
hcaeventyr02val_workid80639_2,1847.5,7.46407056649,0.0
hcaeventyr02val_workid80639_3,1847.75,7.19679503456,0.0
hcaeventyr02val_workid79206_0,1847.0,6.29511379188,0.0
hcaeventyr02val_workid79206_1,1847.25,6.70453516612,0.0
hcaeventyr02val_workid79206_2,1847.5,6.38993811519,0.0
hcaeventyr02val_workid81336_0,1847.0,6.3037514663,0.0
hcaeventyr02val_workid81336_1,1847.25,6.80673851683,0.0
hcaeventyr02val_workid81336_2,1847.5,6.50396663825,0.0
hcaeventyr02val_workid81336_3,1847.75,6.66444161355,0.0
hcaeventyr02val_workid80092_0,1847.0,7.17029636173,0.0
hcaeventyr02val_workid80092_1,1847.25,6.96788663746,0.0
hcaeventyr02val_workid80092_2,1847.5,6.92047913865,0.0
hcaeventyr02val_workid80092_3,1847.75,6.87524993237,0.0
hcaeventyr02val_workid78103_0,1847.0,7.46401148976,0.0
hcaeventyr02val_workid78103_1,1847.25,7.28400159872,0.0
hcaeventyr02val_workid78103_2,1847.5,7.07649066156,0.0
hcaeventyr02val_workid78103_3,1847.75,7.19515035763,0.0
hcaeventyr02val_workid75136_0,1847.0,7.23467275673,0.0
hcaeventyr02val_workid75136_1,1847.25,6.78294528031,0.0
hcaeventyr02val_workid75136_2,1847.5,7.03808815861,0.0
hcaeventyr02val_workid75136_3,1847.75,7.27023817124,0.0
hcaeventyr02val_workid75888_0,1847.0,7.43622173999,0.00345318298429
hcaeventyr02val_workid75888_1,1847.25,7.27467043884,0.0561806386335
hcaeventyr02val_workid75888_2,1847.5,6.99251855451,0.0036817894463
hcaeventyr02val_workid75888_3,1847.75,7.18315160825,0.0797706871562
hcaeventyr02val_workid73242_0,1847.0,7.46587101001,0.0
hcaeventyr02val_workid73242_1,1847.25,7.29707852379,0.0
hcaeventyr02val_workid73242_2,1847.5,7.49369810531,0.0
hcaeventyr02val_workid73242_3,1847.75,7.16195371161,0.0
andersen02val_workid54459_0,1848.0,7.51465422663,0.158877745061
andersen02val_workid54459_1,1848.25,7.50220682399,0.111128951775
andersen02val_workid54459_2,1848.5,7.44294152602,0.143908854816
andersen02val_workid54459_3,1848.75,7.81333310567,0.195668737195
hcaeventyr02val_workid78014_0,1848.0,7.27728254915,0.186206416724
hcaeventyr02val_workid78014_1,1848.25,7.35575710896,0.18207618956
hcaeventyr02val_workid78014_2,1848.5,7.39703095262,0.134602797403
hcaeventyr02val_workid78014_3,1848.75,7.30926739381,0.121624676576
hcaeventyr02val_workid87580_0,1848.0,7.05950189527,0.0
hcaeventyr02val_workid87580_1,1848.25,6.83603236716,0.0
hcaeventyr02val_workid87580_2,1848.5,6.98121234325,0.0
hcaeventyr02val_workid87580_3,1848.75,7.12171827821,0.0
hcaeventyr04val_workid62426_0,1850.0,6.13822326729,0.0
hcaeventyr04val_workid62426_1,1850.25,6.58907427809,0.0
hcaeventyr04val_workid62426_2,1850.5,6.53697090733,0.0
hcaeventyr04val_workid62426_3,1850.75,6.26049997537,0.0
hcaeventyr02val_workid82056_0,1851.0,7.44021345647,0.0
hcaeventyr02val_workid82056_1,1851.25,7.01613768129,0.0
hcaeventyr02val_workid82056_2,1851.5,7.30191055593,0.0
hcaeventyr02val_workid82056_3,1851.75,7.22095555936,0.0
hcaeventyr04val_workid62912_0,1851.0,7.30178193165,0.0
hcaeventyr04val_workid62912_1,1851.25,7.28739471888,0.0
hcaeventyr04val_workid62912_2,1851.5,7.37406478713,0.0
hcaeventyr04val_workid62912_3,1851.75,7.4358625486,0.0
hcaisverrigval_workid54107_0,1851.0,7.59107745563,0.20885070854
hcaisverrigval_workid54107_1,1851.25,7.6358234228,0.142187797957
hcaisverrigval_workid54107_2,1851.5,7.57070266493,0.148075285143
hcaisverrigval_workid54107_3,1851.75,7.90883597225,0.195601015974
hcaeventyr04val_workid63665_0,1851.0,6.64416709832,0.0
hcaeventyr04val_workid63665_1,1851.25,6.69063920278,0.0
hcaeventyr04val_workid63665_2,1851.5,6.63760631042,0.0
hcaeventyr04val_workid63665_3,1851.75,6.66490385497,0.0
andersenhc_10_workid54107_0,1851.0,7.59107745563,0.20885070854
andersenhc_10_workid54107_1,1851.25,7.6358234228,0.142187797957
andersenhc_10_workid54107_2,1851.5,7.57070266493,0.148075285143
andersenhc_10_workid54107_3,1851.75,7.90883597225,0.195601015974
hcaeventyr02val_workid89462_0,1851.0,6.50053587162,0.0
hcaeventyr02val_workid89462_1,1851.25,6.95108114645,0.0
hcaeventyr02val_workid89462_2,1851.5,6.50231024001,0.0
hcaeventyr02val_workid89462_3,1851.75,6.59659970211,0.0
hcaeventyr02val_workid96988_0,1851.0,6.98875000119,0.0
hcaeventyr02val_workid96988_1,1851.25,6.83105316029,0.0
hcaeventyr02val_workid96988_2,1851.5,7.19299099544,0.0
hcaeventyr02val_workid96988_3,1851.75,7.05007286353,0.0
hcaeventyr05val_workid58777_0,1851.0,7.3358623624,0.0
hcaeventyr05val_workid58777_1,1851.25,6.98836397816,0.0
hcaeventyr05val_workid58777_2,1851.5,6.95170864015,0.0
hcaeventyr05val_workid58777_3,1851.75,7.13741436188,0.0
hcaeventyr02val_workid90936_0,1852.0,6.64099232802,0.0
hcaeventyr02val_workid90936_1,1852.25,6.67129468939,0.0
hcaeventyr02val_workid90936_2,1852.5,6.50472033163,0.0
hcaeventyr02val_workid90936_3,1852.75,6.63953708616,0.0
hcaeventyr02val_workid90502_0,1852.0,6.45699784627,0.0
hcaeventyr02val_workid90502_1,1852.25,6.84825158421,0.0
hcaeventyr02val_workid90502_2,1852.5,6.43884792056,0.0
hcaeventyr02val_workid90502_3,1852.75,6.7270479861,0.0
hcaeventyr02val_workid91461_0,1852.0,7.1469938678,0.0
hcaeventyr02val_workid91461_1,1852.25,7.27344452056,0.0
hcaeventyr02val_workid91461_2,1852.5,6.891216392,0.0
hcaeventyr02val_workid91461_3,1852.75,7.24851623335,0.0
hcaeventyr02val_workid97591_0,1852.0,7.11450688881,0.0
hcaeventyr02val_workid97591_1,1852.25,7.06675594522,0.0
hcaeventyr02val_workid97591_2,1852.5,6.96053907957,0.0
hcaeventyr02val_workid97591_3,1852.75,6.96533636635,0.0
hcaeventyr02val_workid94021_0,1852.0,6.64752034646,0.0
hcaeventyr02val_workid94021_1,1852.25,6.76847081518,0.0
hcaeventyr02val_workid94021_2,1852.5,6.64824274312,0.0
hcaeventyr02val_workid94021_3,1852.75,6.62653480362,0.0
hcaeventyr02val_workid98786_0,1852.0,7.18560449424,0.0
hcaeventyr02val_workid98786_1,1852.25,7.07106377317,0.0
hcaeventyr02val_workid98786_2,1852.5,6.9801501648,0.0
hcaeventyr02val_workid94551_0,1852.0,7.3173690888,0.170098240749
hcaeventyr02val_workid94551_1,1852.25,7.25549300738,0.044264582328
hcaeventyr02val_workid94551_2,1852.5,7.41401407802,0.0897220913635
hcaeventyr02val_workid94551_3,1852.75,7.32084411039,0.07148987108
hcaeventyr02val_workid90067_0,1852.0,7.19840069759,0.0
hcaeventyr02val_workid90067_1,1852.25,6.97614322725,0.0
hcaeventyr02val_workid90067_2,1852.5,6.91136449769,0.0
hcaeventyr02val_workid90067_3,1852.75,6.97591065597,0.0
hcaeventyr02val_workid88371_0,1852.0,7.46694919116,0.146963313485
hcaeventyr02val_workid88371_1,1852.25,7.52150868912,0.0489223758712
hcaeventyr02val_workid88371_2,1852.5,7.34473251985,0.0926219889271
hcaeventyr02val_workid88371_3,1852.75,7.48972229764,0.241695115189
hcaeventyr02val_workid92473_0,1852.0,7.50689443996,0.0
hcaeventyr02val_workid92473_1,1852.25,7.19111451116,0.0
hcaeventyr02val_workid92473_2,1852.5,7.17088848228,0.0
hcaeventyr02val_workid92473_3,1852.75,7.38950735988,0.0
hcaeventyr02val_workid92132_0,1852.0,6.43583938025,0.0
hcaeventyr02val_workid92132_1,1852.25,6.73787640012,0.0
hcaeventyr02val_workid92132_2,1852.5,6.32379869853,0.0
hcaeventyr02val_workid92132_3,1852.75,6.3984876021,0.0
hcaeventyr02val_workid103311_0,1852.0,7.43041310616,0.0
hcaeventyr02val_workid103311_1,1852.25,7.33951126761,0.0
hcaeventyr02val_workid103311_2,1852.5,7.36741206324,0.0
hcaeventyr02val_workid103311_3,1852.75,7.42266878295,0.0
hcaeventyr02val_workid93439_0,1852.0,7.06700646377,0.0
hcaeventyr02val_workid93439_1,1852.25,6.98927643248,0.0
hcaeventyr02val_workid93439_2,1852.5,6.99063720599,0.0
hcaeventyr02val_workid88467_0,1852.0,7.49755472316,0.0
hcaeventyr02val_workid88467_1,1852.25,7.56182269566,0.0
hcaeventyr02val_workid88467_2,1852.5,7.48809078624,0.0
hcaeventyr02val_workid88467_3,1852.75,7.50331451101,0.0
hcaeventyr02val_workid92043_0,1852.0,7.41009814333,0.110878137359
hcaeventyr02val_workid92043_1,1852.25,7.41638187758,0.158473607835
hcaeventyr02val_workid92043_2,1852.5,7.33361096471,0.155427661468
hcaeventyr02val_workid92043_3,1852.75,7.34979079017,0.094904350552
hcaeventyr02val_workid102765_0,1853.0,6.93950333668,0.0
hcaeventyr02val_workid102765_1,1853.25,6.84952135297,0.0
hcaeventyr02val_workid102765_2,1853.5,7.09511554637,0.0
hcaeventyr02val_workid102765_3,1853.75,6.92843815796,0.0
hcaeventyr02val_workid104506_0,1853.0,6.42953330803,0.0
hcaeventyr02val_workid104506_1,1853.25,6.8093937226,0.0
hcaeventyr02val_workid104506_2,1853.5,6.47523978459,0.0
hcaeventyr02val_workid104506_3,1853.75,6.58444297972,0.0
hcaeventyr02val_workid98346_0,1853.0,6.86534835693,0.0
hcaeventyr02val_workid98346_1,1853.25,6.99474283258,0.0
hcaeventyr02val_workid98346_2,1853.5,6.91316012155,0.0
hcaeventyr02val_workid98346_3,1853.75,6.70454700203,0.0
hcaeventyr02val_workid105654_0,1854.0,6.97189842027,0.0
hcaeventyr02val_workid105654_1,1854.25,6.69457526308,0.0
hcaeventyr02val_workid105654_2,1854.5,6.87408210074,0.0
hcaeventyr02val_workid105654_3,1854.75,6.95653025076,0.0
hcaeventyr02val_workid104984_0,1854.0,7.20560079909,0.0
hcaeventyr02val_workid104984_1,1854.25,7.03213388358,0.0
hcaeventyr02val_workid104984_2,1854.5,6.96613309692,0.0
hcaeventyr02val_workid104984_3,1854.75,6.85290768831,0.0
hcaeventyr02val_workid100604_0,1855.0,7.40405267051,0.0804617693447
hcaeventyr02val_workid100604_1,1855.25,7.1223071977,0.0475075431711
hcaeventyr02val_workid100604_2,1855.5,7.23490805689,0.0360115431866
hcaeventyr02val_workid100604_3,1855.75,7.30725527117,0.0702285278149
hcaeventyr02val_workid96815_0,1855.0,7.35480885224,0.0852905275058
hcaeventyr02val_workid96815_1,1855.25,7.35017282356,0.181076171703
hcaeventyr02val_workid96815_2,1855.5,7.35385215786,0.158614660412
hcaeventyr02val_workid96815_3,1855.75,7.46653400912,0.176933267799
hcaeventyr04val_workid64743_0,1855.0,7.31271884676,0.0
hcaeventyr04val_workid64743_1,1855.25,7.32363036401,0.0
hcaeventyr04val_workid64743_2,1855.5,7.40678273698,0.0
hcaeventyr04val_workid64743_3,1855.75,7.32335485312,0.0
hcaeventyr02val_workid99657_0,1855.0,6.97940249919,0.0
hcaeventyr02val_workid99657_1,1855.25,6.60833315993,0.0
hcaeventyr02val_workid99657_2,1855.5,6.98777772657,0.0
hcaeventyr02val_workid99657_3,1855.75,6.6562361328,0.0
hcaeventyr04val_workid64028_0,1855.0,7.47536222794,0.0
hcaeventyr04val_workid64028_1,1855.25,7.36569538715,0.0
hcaeventyr04val_workid64028_2,1855.5,7.42228243103,0.0
hcaeventyr04val_workid64028_3,1855.75,7.51769874565,0.0
hcaeventyr03val_workid77221_0,1856.0,7.73870789555,0.0
hcaeventyr03val_workid77221_1,1856.25,7.90326095419,0.0
hcaeventyr03val_workid77221_2,1856.5,7.46307723737,0.0
hcaeventyr03val_workid77221_3,1856.75,7.22659361075,0.0
hcaeventyr03val_workid70950_0,1856.0,7.26699500426,0.0
hcaeventyr03val_workid70950_1,1856.25,7.1117980061,0.0
hcaeventyr03val_workid70950_2,1856.5,7.14098790312,0.0
hcaeventyr03val_workid70950_3,1856.75,6.60038707898,0.0
hcaeventyr03val_workid58311_0,1857.0,7.40354329247,0.0
hcaeventyr03val_workid58311_1,1857.25,7.35003325474,0.0
hcaeventyr03val_workid58311_2,1857.5,6.99075789327,0.0
hcaeventyr03val_workid58311_3,1857.75,7.16203855362,0.0
andersen07val_workid54108_0,1857.0,7.50401315305,0.13333601842
andersen07val_workid54108_1,1857.25,7.57032880621,0.12168815277
andersen07val_workid54108_2,1857.5,7.58565126903,0.15301137367
andersen07val_workid54108_3,1857.75,7.88323585192,0.247612436407
hcaeventyr02val_workid62191_0,1858.0,7.36122434551,0.16842569793
hcaeventyr02val_workid62191_1,1858.25,7.30587132031,0.0914669467938
hcaeventyr02val_workid62191_2,1858.5,7.34582924588,0.146106967552
hcaeventyr02val_workid62191_3,1858.75,7.34802717571,0.0751786720835
hcaeventyr04val_workid68438_0,1858.0,7.47263363931,0.0847303407506
hcaeventyr04val_workid68438_1,1858.25,7.20215877736,0.113602028288
hcaeventyr04val_workid68438_2,1858.5,7.30407463674,0.0248186611618
hcaeventyr04val_workid68438_3,1858.75,7.37278794764,0.183555041796
hcaeventyr03val_workid65272_0,1858.0,7.55277311415,0.162447957961
hcaeventyr03val_workid65272_1,1858.25,7.55106749287,0.0780344648599
hcaeventyr03val_workid65272_2,1858.5,7.57498022134,0.114861696536
hcaeventyr03val_workid65272_3,1858.75,7.52866891659,0.115702907726
hcaeventyr03val_workid70308_0,1858.0,7.0703195366,0.0
hcaeventyr03val_workid70308_1,1858.25,6.93851954327,0.0
hcaeventyr03val_workid70308_2,1858.5,6.93361615253,0.0
hcaeventyr03val_workid70308_3,1858.75,6.78769756656,0.0
hcaeventyr03val_workid59684_0,1858.0,7.5687194362,0.0242054954446
hcaeventyr03val_workid59684_1,1858.25,7.53493849246,0.00522390327461
hcaeventyr03val_workid59684_2,1858.5,7.43110869335,0.0428800715207
hcaeventyr03val_workid59684_3,1858.75,7.39247000513,0.0390446529329
hcaeventyr03val_workid61857_0,1858.0,7.24290325038,0.0
hcaeventyr03val_workid61857_1,1858.25,7.50782477539,0.0
hcaeventyr03val_workid61857_2,1858.5,7.26302778101,0.0
hcaeventyr03val_workid61857_3,1858.75,7.35745452426,0.0
hcaeventyr03val_workid62842_0,1858.0,7.52984991694,0.0
hcaeventyr03val_workid62842_1,1858.25,7.57929977804,0.0
hcaeventyr03val_workid62842_2,1858.5,7.47647235287,0.0
hcaeventyr03val_workid65155_0,1858.0,7.54674218207,0.143923996819
hcaeventyr03val_workid65155_1,1858.25,7.54782315716,0.099382734251
hcaeventyr03val_workid65155_2,1858.5,7.55094191122,0.121871088025
hcaeventyr03val_workid65155_3,1858.75,7.48755116668,0.142234904023
hcaeventyr03val_workid63609_0,1858.0,7.01942398059,0.0
hcaeventyr03val_workid63609_1,1858.25,7.16861052163,0.0
hcaeventyr03val_workid63609_2,1858.5,7.26826797341,0.0
hcaeventyr03val_workid63609_3,1858.75,7.18775384378,0.0
hcaeventyr03val_workid56808_0,1858.0,7.36280399595,0.0443225639216
hcaeventyr03val_workid56808_1,1858.25,7.288771555,0.0792669055699
hcaeventyr03val_workid56808_2,1858.5,7.33233779426,0.0793926981523
hcaeventyr03val_workid56808_3,1858.75,7.28880101043,0.00501567352402
hcaeventyr03val_workid56575_0,1858.0,7.33884386874,0.0884916631574
hcaeventyr03val_workid56575_1,1858.25,7.33510497918,0.174008944495
hcaeventyr03val_workid56575_2,1858.5,7.4458550138,0.0623308434803
hcaeventyr03val_workid56575_3,1858.75,7.43816574726,0.123435836225
hcaeventyr03val_workid82063_0,1859.0,7.64418334754,0.122815264548
hcaeventyr03val_workid82063_1,1859.25,7.48108677808,0.0700525453269
hcaeventyr03val_workid82063_2,1859.5,7.52010646121,0.116813348295
hcaeventyr03val_workid82063_3,1859.75,7.55637138488,0.0178822978601
hcaeventyr03val_workid80376_0,1859.0,6.78549697654,0.0
hcaeventyr03val_workid80376_1,1859.25,7.00042084326,0.0
hcaeventyr03val_workid80376_2,1859.5,6.2537363697,0.0
hcaeventyr03val_workid80376_3,1859.75,6.30474696086,0.0
hcaeventyr03val_workid78885_0,1859.0,6.28264549032,0.0
hcaeventyr03val_workid78885_1,1859.25,6.74538436356,0.0
hcaeventyr03val_workid78885_2,1859.5,6.77309064451,0.0
hcaeventyr03val_workid78885_3,1859.75,6.74473728844,0.0
hcaeventyr03val_workid80841_0,1859.0,7.65100567991,0.0
hcaeventyr03val_workid80841_1,1859.25,7.42470696204,0.0
hcaeventyr03val_workid80841_2,1859.5,7.35869887843,0.0
hcaeventyr03val_workid80841_3,1859.75,7.41980980242,0.0
hcaeventyr03val_workid71602_0,1859.0,7.69764611205,0.0
hcaeventyr03val_workid71602_1,1859.25,7.45080665475,0.0
hcaeventyr03val_workid71602_2,1859.5,7.52107927425,0.0
hcaeventyr03val_workid71493_0,1859.0,7.49475688879,0.124228681588
hcaeventyr03val_workid71493_1,1859.25,7.42436550894,0.167638702432
hcaeventyr03val_workid71493_2,1859.5,7.34332304067,0.149135260967
hcaeventyr03val_workid71493_3,1859.75,7.50346583704,0.174686869781
hcaeventyr03val_workid74323_0,1859.0,7.70843621047,0.0
hcaeventyr03val_workid74323_1,1859.25,7.34886952421,0.0
hcaeventyr03val_workid74323_2,1859.5,7.5498478665,0.0
hcaeventyr03val_workid79369_0,1859.0,7.4662890499,0.0
hcaeventyr03val_workid79369_1,1859.25,7.38507787147,0.0
hcaeventyr03val_workid79369_2,1859.5,7.29801146229,0.0
hcaeventyr03val_workid79369_3,1859.75,7.30225113787,0.0
hcaeventyr05val_workid93598_0,1859.0,6.72626212015,0.0
hcaeventyr05val_workid93598_1,1859.25,6.78987021431,0.0
hcaeventyr05val_workid93598_2,1859.5,6.94146161412,0.0
hcaeventyr05val_workid93598_3,1859.75,6.81775900179,0.0
hcaeventyr03val_workid73287_0,1859.0,7.35068950792,0.0
hcaeventyr03val_workid73287_1,1859.25,7.42929499689,0.0
hcaeventyr03val_workid73287_2,1859.5,7.16214550605,0.0
hcaeventyr03val_workid73287_3,1859.75,7.40676729167,0.0
hcaeventyr03val_workid75208_0,1859.0,7.49044596795,0.0575723959409
hcaeventyr03val_workid75208_1,1859.25,7.2004837397,0.100876566127
hcaeventyr03val_workid75208_2,1859.5,7.23971635348,0.0590264600848
hcaeventyr03val_workid75208_3,1859.75,7.42057357804,0.0752363455171
hcaeventyr03val_workid78732_0,1859.0,7.47445845885,0.188805062667
hcaeventyr03val_workid78732_1,1859.25,7.56107385995,0.149685806495
hcaeventyr03val_workid78732_2,1859.5,7.48527777964,0.0501616252533
hcaeventyr03val_workid78732_3,1859.75,7.56665543739,0.0289042494498
hcaeventyr04val_workid95580_0,1860.0,7.28408906856,0.0
hcaeventyr04val_workid95580_1,1860.25,7.18672584939,0.0
hcaeventyr04val_workid95580_2,1860.5,7.32722116221,0.0
hcaeventyr04val_workid95580_3,1860.75,7.36194893105,0.0
hcaeventyr04val_workid81897_0,1860.0,6.58888188934,0.0
hcaeventyr04val_workid81897_1,1860.25,7.01236709555,0.0
hcaeventyr04val_workid81897_2,1860.5,6.62794004175,0.0
hcaeventyr04val_workid81897_3,1860.75,6.75015948336,0.0
hcaeventyr04val_workid71700_0,1861.0,7.3069045057,0.0
hcaeventyr04val_workid71700_1,1861.25,7.12655282031,0.0
hcaeventyr04val_workid71700_2,1861.5,7.15298228288,0.0
hcaeventyr04val_workid71700_3,1861.75,7.0407606047,0.0
hcaeventyr04val_workid74082_0,1861.0,7.56543109638,0.207929787059
hcaeventyr04val_workid74082_1,1861.25,7.43453515442,0.0995864693313
hcaeventyr04val_workid74082_2,1861.5,7.4908142043,0.151643544535
hcaeventyr04val_workid74082_3,1861.75,7.53033755873,0.137264121491
hcaeventyr04val_workid87217_0,1861.0,7.63999855751,0.0
hcaeventyr04val_workid87217_1,1861.25,7.6453979926,0.0
hcaeventyr04val_workid87217_2,1861.5,7.60373001497,0.0
hcaeventyr04val_workid65459_0,1861.0,7.36743722808,0.162051619188
hcaeventyr04val_workid65459_1,1861.25,7.32259310565,0.143777162822
hcaeventyr04val_workid65459_2,1861.5,7.36240952268,0.151114509111
hcaeventyr04val_workid65459_3,1861.75,7.46473148307,0.26141139373
hcaeventyr05val_workid59777_0,1861.0,7.42479350854,0.0
hcaeventyr05val_workid59777_1,1861.25,7.32685294796,0.0
hcaeventyr05val_workid59777_2,1861.5,7.28440190103,0.0
hcaeventyr05val_workid59777_3,1861.75,7.28744157884,0.0
hcaeventyr04val_workid86444_0,1861.0,7.25970835083,0.0
hcaeventyr04val_workid86444_1,1861.25,7.14356917101,0.0
hcaeventyr04val_workid86444_2,1861.5,7.05707863216,0.0
hcaeventyr04val_workid86444_3,1861.75,7.03686037594,0.0
hcaeventyr04val_workid66255_0,1861.0,7.42535755111,0.0
hcaeventyr04val_workid66255_1,1861.25,7.36062060418,0.0
hcaeventyr04val_workid66255_2,1861.5,7.34673876577,0.0
hcaeventyr04val_workid66255_3,1861.75,7.1572017149,0.0
hcaeventyr04val_workid73931_0,1861.0,7.56192982863,0.132781738807
hcaeventyr04val_workid73931_1,1861.25,7.46343937551,0.0994010788136
hcaeventyr04val_workid73931_2,1861.5,7.54036772175,0.13704317848
hcaeventyr04val_workid73931_3,1861.75,7.54284678008,0.129480271251
hcaeventyr04val_workid67739_0,1861.0,7.44929178644,0.0
hcaeventyr04val_workid67739_1,1861.25,6.97015271217,0.0
hcaeventyr04val_workid67739_2,1861.5,7.14141338688,0.0
hcaeventyr04val_workid70754_0,1861.0,7.29134529198,0.0
hcaeventyr04val_workid70754_1,1861.25,7.27678598237,0.0
hcaeventyr04val_workid70754_2,1861.5,7.15398774146,0.0
hcaeventyr04val_workid70754_3,1861.75,7.24956759605,0.0
hcaeventyr04val_workid72507_0,1861.0,7.81353488517,0.0
hcaeventyr04val_workid72507_1,1861.25,7.74110753624,0.0
hcaeventyr04val_workid72507_2,1861.5,7.85870745976,0.0
hcaeventyr04val_workid72507_3,1861.75,7.72868824473,0.0
hcaeventyr04val_workid82510_0,1861.0,7.53832916237,0.154589670483
hcaeventyr04val_workid82510_1,1861.25,7.61138145651,0.0636448975742
hcaeventyr04val_workid82510_2,1861.5,7.62524299118,0.0373579950477
hcaeventyr04val_workid96201_0,1862.0,7.36949048798,0.0
hcaeventyr04val_workid96201_1,1862.25,6.97852905653,0.0
hcaeventyr04val_workid96201_2,1862.5,6.96911321847,0.0
hcaeventyr05val_workid60355_0,1863.0,6.1126942196,0.0
hcaeventyr05val_workid60355_1,1863.25,6.61926287283,0.0
hcaeventyr05val_workid60355_2,1863.5,6.16721797757,0.0
hcaeventyr04val_workid58005_0,1863.0,7.57171518342,0.153269314191
hcaeventyr04val_workid58005_1,1863.25,7.57066926309,0.215032596553
hcaeventyr04val_workid58005_2,1863.5,7.52747627869,0.147918969739
hcaeventyr04val_workid58005_3,1863.75,7.68827807484,0.122659173218
hcaeventyr04val_workid86191_0,1865.0,6.4257582111,0.0
hcaeventyr04val_workid86191_1,1865.25,6.87811205331,0.0
hcaeventyr04val_workid86191_2,1865.5,6.58267773486,0.0
hcaeventyr04val_workid86191_3,1865.75,6.67242200326,0.0
hcaeventyr04val_workid84539_0,1865.0,7.43264715137,0.134725250051
hcaeventyr04val_workid84539_1,1865.25,7.27520543513,0.155226132764
hcaeventyr04val_workid84539_2,1865.5,7.56274554205,0.0964671055764
hcaeventyr04val_workid84539_3,1865.75,7.49061323845,0.049578726219
hcaeventyr04val_workid89450_0,1865.0,7.59803567439,0.0
hcaeventyr04val_workid89450_1,1865.25,7.47351577067,0.0
hcaeventyr04val_workid89450_2,1865.5,7.53049297467,0.0
hcaeventyr04val_workid84673_0,1865.0,7.4328013604,0.008825177016
hcaeventyr04val_workid84673_1,1865.25,7.3639222319,0.0712070233012
hcaeventyr04val_workid84673_2,1865.5,7.40346560124,0.015756004313
hcaeventyr04val_workid84673_3,1865.75,7.36343340125,0.057360898964
hcaeventyr04val_workid90893_0,1865.0,7.51725729145,0.0
hcaeventyr04val_workid90893_1,1865.25,7.03661776409,0.0
hcaeventyr04val_workid90893_2,1865.5,7.27036565008,0.0
hcaeventyr04val_workid90893_3,1865.75,7.26566201247,0.0
hcaeventyr04val_workid88639_0,1865.0,6.68327790715,0.0
hcaeventyr04val_workid88639_1,1865.25,7.02158299659,0.0
hcaeventyr04val_workid88639_2,1865.5,6.90494904913,0.0
hcaeventyr04val_workid88639_3,1865.75,6.72750333488,0.0
hcaeventyr04val_workid97778_0,1866.0,7.58981684597,0.0
hcaeventyr04val_workid97778_1,1866.25,7.2676871909,0.0
hcaeventyr04val_workid97778_2,1866.5,7.15153036943,0.0
hcaeventyr04val_workid97778_3,1866.75,7.39936567292,0.0
hcaeventyr04val_workid96882_0,1866.0,7.6132360202,0.0
hcaeventyr04val_workid96882_1,1866.25,7.48966303407,0.0
hcaeventyr04val_workid96882_2,1866.5,7.37752104044,0.0
hcaeventyr04val_workid92071_0,1866.0,7.48632446315,0.117979962509
hcaeventyr04val_workid92071_1,1866.25,7.37037931491,0.129828634349
hcaeventyr04val_workid92071_2,1866.5,7.52945242999,0.0409450132077
hcaeventyr04val_workid92071_3,1866.75,7.52773142124,0.0829269429053
hcaeventyr04val_workid91559_0,1866.0,7.47804875588,0.136091450373
hcaeventyr04val_workid91559_1,1866.25,7.53247105399,0.0570593099324
hcaeventyr04val_workid91559_2,1866.5,7.47814514029,0.143397625117
hcaeventyr04val_workid91559_3,1866.75,7.32983919038,0.223892159718
hcaeventyr04val_workid91648_0,1866.0,6.99424956696,0.0
hcaeventyr04val_workid91648_1,1866.25,7.12008040872,0.0
hcaeventyr04val_workid91648_2,1866.5,6.81948378289,0.0
hcaeventyr05val_workid62929_0,1867.0,6.68348962662,0.0
hcaeventyr05val_workid62929_1,1867.25,6.76921576051,0.0
hcaeventyr05val_workid62929_2,1867.5,6.82837827708,0.0
hcaeventyr05val_workid61002_0,1867.0,6.54464733922,0.0
hcaeventyr05val_workid61002_1,1867.25,6.78020574995,0.0
hcaeventyr05val_workid61002_2,1867.5,6.09686880643,0.0
hcaeventyr05val_workid61002_3,1867.75,6.45795652059,0.0
hcaeventyr05val_workid61309_0,1867.0,7.45585472501,0.0
hcaeventyr05val_workid61309_1,1867.25,7.2995323303,0.0
hcaeventyr05val_workid61309_2,1867.5,7.27039785271,0.0
hcaeventyr05val_workid61309_3,1867.75,7.17404659256,0.0
hcaeventyr05val_workid74377_0,1868.0,6.52182563211,0.0
hcaeventyr05val_workid74377_1,1868.25,6.89098768316,0.0
hcaeventyr05val_workid74377_2,1868.5,6.50521754028,0.0
hcaeventyr05val_workid63454_0,1868.0,7.56437146495,0.179159137561
hcaeventyr05val_workid63454_1,1868.25,7.61581580607,0.0526178972545
hcaeventyr05val_workid63454_2,1868.5,7.77309396493,0.0484480428318
hcaeventyr05val_workid63454_3,1868.75,7.67057509188,0.100206058529
hcaeventyr05val_workid76942_0,1868.0,6.72050698172,0.0
hcaeventyr05val_workid76942_1,1868.25,7.04387448854,0.0
hcaeventyr05val_workid76942_2,1868.5,6.56712010894,0.0
hcaeventyr05val_workid79140_0,1868.0,7.46132636027,0.0
hcaeventyr05val_workid79140_1,1868.25,7.0056759363,0.0
hcaeventyr05val_workid79140_2,1868.5,7.11190899684,0.0
hcaeventyr05val_workid79140_3,1868.75,6.78032674075,0.0
hcaeventyr05val_workid62224_0,1868.0,7.25718860418,0.0
hcaeventyr05val_workid62224_1,1868.25,7.15661018216,0.0
hcaeventyr05val_workid62224_2,1868.5,7.21804933116,0.0
hcaeventyr05val_workid62224_3,1868.75,7.46482700194,0.0
hcaeventyr05val_workid94415_0,1869.0,7.45171979553,0.0
hcaeventyr05val_workid94415_1,1869.25,6.90413506075,0.0
hcaeventyr05val_workid94415_2,1869.5,7.2205466461,0.0
hcaeventyr05val_workid71277_0,1869.0,7.57243270287,0.143959609892
hcaeventyr05val_workid71277_1,1869.25,7.50744152428,0.113318986807
hcaeventyr05val_workid71277_2,1869.5,7.46740639148,0.0967284800137
hcaeventyr05val_workid71277_3,1869.75,7.49819218958,0.0209874593269
hcaeventyr05val_workid77516_0,1869.0,7.05266042376,0.0
hcaeventyr05val_workid77516_1,1869.25,7.13946901811,0.0
hcaeventyr05val_workid77516_2,1869.5,6.87489042399,0.0
hcaeventyr05val_workid73807_0,1869.0,6.85641269698,0.0
hcaeventyr05val_workid73807_1,1869.25,7.13238699263,0.0
hcaeventyr05val_workid73807_2,1869.5,7.06360475059,0.0
hcaeventyr05val_workid73807_3,1869.75,6.8205165649,0.0
hcaeventyr05val_workid75487_0,1869.0,6.7043425543,0.0
hcaeventyr05val_workid75487_1,1869.25,7.06286811622,0.0
hcaeventyr05val_workid75487_2,1869.5,6.92742016167,0.0
hcaeventyr05val_workid73187_0,1869.0,7.27246800664,0.0
hcaeventyr05val_workid73187_1,1869.25,6.92715398778,0.0
hcaeventyr05val_workid73187_2,1869.5,7.19480322025,0.0
hcaeventyr05val_workid73187_3,1869.75,7.07727774572,0.0
hcaeventyr05val_workid75901_0,1869.0,7.49616532925,0.0
hcaeventyr05val_workid75901_1,1869.25,7.33634808371,0.0
hcaeventyr05val_workid75901_2,1869.5,7.47480305508,0.0
hcaeventyr05val_workid75901_3,1869.75,7.26500585082,0.0
hcaeventyr05val_workid79781_0,1870.0,6.56234586687,0.0
hcaeventyr05val_workid79781_1,1870.25,7.0563824419,0.0
hcaeventyr05val_workid79781_2,1870.5,6.75557427126,0.0
hcaeventyr05val_workid79781_3,1870.75,6.73511995374,0.0
hcaeventyr05val_workid78005_0,1870.0,7.55169399186,0.0
hcaeventyr05val_workid78005_1,1870.25,7.34880378177,0.0
hcaeventyr05val_workid78005_2,1870.5,7.30829615341,0.0
hcaeventyr05val_workid78005_3,1870.75,7.57760218891,0.0
hcaeventyr05val_workid80174_0,1870.0,7.29847998906,0.0
hcaeventyr05val_workid80174_1,1870.25,7.01601137614,0.0
hcaeventyr05val_workid80174_2,1870.5,6.9779651972,0.0
hcaeventyr05val_workid80174_3,1870.75,7.00385581437,0.0
hcaeventyr05val_workid81100_0,1870.0,7.06916149644,0.0
hcaeventyr05val_workid81100_1,1870.25,6.95211072196,0.0
hcaeventyr05val_workid81100_2,1870.5,6.96819641199,0.0
hcaeventyr05val_workid81100_3,1870.75,6.66610226093,0.0
hcaeventyr05val_workid81715_0,1871.0,6.02815885083,0.0
hcaeventyr05val_workid81715_1,1871.25,5.97473370346,0.0
hcaeventyr05val_workid81715_2,1871.5,6.12591754137,0.0
hcaeventyr05val_workid81715_3,1871.75,5.94714706582,0.0
hcaeventyr05val_workid82314_0,1871.0,7.70015938329,0.0
hcaeventyr05val_workid82314_1,1871.25,7.36383980564,0.0
hcaeventyr05val_workid82314_2,1871.5,7.56791905469,0.0
hcaeventyr05val_workid82314_3,1871.75,7.34095941042,0.0
hcaeventyr05val_workid82048_0,1871.0,5.5232314288,0.0
hcaeventyr05val_workid82048_1,1871.25,5.28172767887,0.0
hcaeventyr05val_workid82048_2,1871.5,5.54839434554,0.0
hcaeventyr05val_workid82048_3,1871.75,5.25656476213,0.0
hcaeventyr05val_workid75316_0,1872.0,7.54919439043,0.106800109681
hcaeventyr05val_workid75316_1,1872.25,7.48352506887,0.181331528506
hcaeventyr05val_workid75316_2,1872.5,7.4647589966,0.169820472153
hcaeventyr05val_workid85177_0,1872.0,7.56673022185,0.0954510333037
hcaeventyr05val_workid85177_1,1872.25,7.4651202774,0.0495437025162
hcaeventyr05val_workid85177_2,1872.5,7.21441768328,0.00473476870478
hcaeventyr05val_workid89136_0,1872.0,7.68433606799,0.0
hcaeventyr05val_workid89136_1,1872.25,7.32348841896,0.0
hcaeventyr05val_workid89136_2,1872.5,7.4022641347,0.0
hcaeventyr05val_workid89136_3,1872.75,7.2415038942,0.0
hcaeventyr05val_workid84918_0,1872.0,5.33900015015,0.0
hcaeventyr05val_workid84918_1,1872.25,5.37981647668,0.0
hcaeventyr05val_workid84918_2,1872.5,5.51767132366,0.0
hcaeventyr05val_workid84918_3,1872.75,5.29818382362,0.0
hcaeventyr05val_workid84802_0,1872.0,7.50888288801,0.18291029119
hcaeventyr05val_workid84802_1,1872.25,7.4605950131,0.152825678541
hcaeventyr05val_workid84802_2,1872.5,7.45790806917,0.0945534929754
hcaeventyr05val_workid84802_3,1872.75,7.45229147618,0.135788064643
hcaeventyr05val_workid87357_0,1872.0,7.62913708559,0.0
hcaeventyr05val_workid87357_1,1872.25,7.54938469891,0.0
hcaeventyr05val_workid87357_2,1872.5,7.25071539626,0.0
hcaeventyr05val_workid87357_3,1872.75,7.38172909423,0.0
hcaeventyr05val_workid74729_0,1872.0,7.21128621331,0.0
hcaeventyr05val_workid74729_1,1872.25,6.86537822322,0.0
hcaeventyr05val_workid74729_2,1872.5,7.08269571675,0.0
hcaeventyr05val_workid74729_3,1872.75,7.0228857701,0.0
hcaeventyr05val_workid84017_0,1872.0,7.61148924822,0.0
hcaeventyr05val_workid84017_1,1872.25,7.44797302285,0.0
hcaeventyr05val_workid84017_2,1872.5,7.1162822143,0.0
hcaeventyr05val_workid84017_3,1872.75,7.52801604604,0.0
hcaeventyr05val_workid90607_0,1872.0,7.55832458122,0.0
hcaeventyr05val_workid90607_1,1872.25,7.26315065713,0.0
hcaeventyr05val_workid90607_2,1872.5,7.59839786569,0.0
hcaeventyr05val_workid90607_3,1872.75,7.38492593363,0.0
hcaeventyr05val_workid74151_0,1874.0,7.45390406578,0.0
hcaeventyr05val_workid74151_1,1874.25,7.54846216589,0.0
hcaeventyr05val_workid74151_2,1874.5,7.35291891991,0.0
hcaeventyr05val_workid74151_3,1874.75,7.29143421562,0.0
hcaeventyr05val_workid95380_0,1926.0,5.66144571388,0.0
hcaeventyr05val_workid95380_1,1926.25,5.8126496392,0.0
hcaeventyr05val_workid95380_2,1926.5,5.30556079647,0.0
hcaeventyr05val_workid95380_3,1926.75,5.77348608624,0.0
hcaeventyr05val_workid95135_0,1926.0,6.43508369113,0.0
hcaeventyr05val_workid95135_1,1926.25,6.82610300218,0.0
hcaeventyr05val_workid95135_2,1926.5,6.75793487053,0.0
hcaeventyr05val_workid95135_3,1926.75,6.50023689185,0.0
hcaeventyr05val_workid92230_0,1949.0,5.81029479447,0.0
hcaeventyr05val_workid92230_1,1949.25,5.66750022633,0.0
hcaeventyr05val_workid92230_2,1949.5,5.72155582294,0.0
hcaeventyr05val_workid92230_3,1949.75,6.11581759468,0.0
hcaeventyr05val_workid93257_0,1949.0,6.35620172659,0.0
hcaeventyr05val_workid93257_1,1949.25,6.33243463426,0.0
hcaeventyr05val_workid93257_2,1949.5,6.69949692011,0.0
hcaeventyr05val_workid93257_3,1949.75,6.62729842996,0.0
hcaeventyr05val_workid93931_0,1949.0,6.17881661984,0.0
hcaeventyr05val_workid93931_1,1949.25,6.65008320061,0.0
hcaeventyr05val_workid93931_2,1949.5,6.51838297715,0.0
hcaeventyr05val_workid93931_3,1949.75,6.30616740044,0.0
hcaeventyr05val_workid93075_0,1953.0,6.01062150756,0.0
hcaeventyr05val_workid93075_1,1953.25,5.91557737407,0.0
hcaeventyr05val_workid93075_2,1953.5,6.16419467202,0.0
hcaeventyr05val_workid93075_3,1953.75,6.1513584607,0.0
hcaeventyr05val_workid92789_0,1967.0,6.76113424744,0.0
hcaeventyr05val_workid92789_1,1967.25,7.01143220469,0.0
hcaeventyr05val_workid92789_2,1967.5,6.99823765706,0.0
hcaeventyr05val_workid94157_0,1969.0,6.80449522034,0.0
hcaeventyr05val_workid94157_1,1969.25,6.50188370184,0.0
hcaeventyr05val_workid94157_2,1969.5,6.50970316998,0.0
hcaeventyr05val_workid94157_3,1969.75,6.8007944287,0.0
hcaeventyr01val_workid70856_0,1990.0,4.66257326515,0.0
hcaeventyr01val_workid70856_1,1990.25,4.90576458466,0.0
hcaeventyr01val_workid70856_2,1990.5,4.70451145972,0.0
